{"cameraMode":{"drawMode":0,"name":"Shaded","section":"Shading Mode"},"sceneLighting":true,"audioPlay":false,"sceneViewState":{"showFog":true,"showMaterialUpdate":false,"showSkybox":true,"showFlares":true,"showImageEffects":true,"showParticleSystems":true},"in2DMode":false,"pivot":{"x":1489.760009765625,"y":209.96002197265626,"z":0.0},"rotation":{"x":0.00030919109121896327,"y":-0.0494840182363987,"z":0.000010086212569149211,"w":0.9988024830818176},"size":1074.177490234375,"orthographic":false}